{
    "type": "pk_cr_di:creative_superflat",
    "generator": {
        "type": "minecraft:flat",
        "settings": {
            "biome": "pk_cr_di:creative_plains",
            "layers": [
                {
                    "block": "minecraft:bedrock",
                    "height": 1
                },
                {
                    "block": "minecraft:stone",
                    "height": 58
                },
                {
                    "block": "minecraft:dirt",
                    "height": 4
                },
                {
                    "block": "minecraft:grass_block",
                    "height": 1
                }
            ],
            "structure_overrides": []
        }
    }
}
