{
    "criteria": {
        "requirement": {
            "trigger": "minecraft:player_interacted_with_entity",
            "conditions": {
                "entity": [
                    {
                        "condition": "minecraft:entity_properties",
                        "entity": "this",
                        "predicate": {
                            "type": "minecraft:interaction",
                            "nbt": "{Tags:[\"pk.cr_di.block.pot_al.interaction\"]}"
                        }
                    }
                ]
            }
        }
    },
    "rewards": {
        "function": "pk_cr_di:events/player/interacted_with_entity/pot_al_interaction/_run"
    }
}
